{"name":null,"version":"3.0","scrypt":{"n":16384,"r":8,"p":8},"accounts":[{"address":"Nd9NceysETPT9PZdWRTeQXJix68WM2x6Wv","label":null,"isDefault":false,"lock":false,"key":"6PYR44Nwyxv1LNYhs5QuLAWLWAHJ8aJGLo359nU5VBBP8wUDERMKkKTGEP","contract":{"script":"DCED2rhMEkPsAaslAOGox6FUaibXNGKBgLDPZOcr93ZTaZcLQZVEDXg=","parameters":[{"name":"signature","type":"Signature"}],"deployed":false},"extra":null},{"address":"NXhZzmo3q5WaeUBDbKPMwSyAFPHb5B3rx8","label":null,"isDefault":false,"lock":false,"key":"6PYR44Nwyxv1LNYhs5QuLAWLWAHJ8aJGLo359nU5VBBP8wUDERMKkKTGEP","contract":{"script":"EQwhA9q4TBJD7AGrJQDhqMehVGom1zRigYCwz2TnK/d2U2mXEQtBE43vrw==","parameters":[{"name":"parameter0","type":"Signature"}],"deployed":false},"extra":null}],"extra":null}