{"name":null,"version":"3.0","scrypt":{"n":16384,"r":8,"p":8},"accounts":[{"address":"ASkGyfuEUPCHnCXrPMoVzDeKK25SrBNJfq","label":null,"isDefault":false,"lock":false,"key":"6PYMsZoq5CiRFT5YigzsBnLcnq23zypVBVoJDKkW45FEU6YGdTpTrgNVip","contract":{"script":"IQOKtCkGoFrkWM8Gg3/HU04rUUSKu1CtZ7uojmwPprqk61BoCpBq1A==","parameters":[{"name":"signature","type":"Signature"}],"deployed":false},"extra":null},{"address":"AbeP4mcf5NFsdjhP8t4C24eh2XgmjYMEJC","label":null,"isDefault":false,"lock":false,"key":"6PYMsZoq5CiRFT5YigzsBnLcnq23zypVBVoJDKkW45FEU6YGdTpTrgNVip","contract":{"script":"USEDirQpBqBa5FjPBoN/x1NOK1FEirtQrWe7qI5sD6a6pOtRUGgwc7O7","parameters":[{"name":"parameter0","type":"Signature"}],"deployed":false},"extra":null}],"extra":null}